filename,width,height,slug
video1.mp4,608,1080,installation-streamdiffusion
video2.mp4,608,1080,cat-stream-diffusion
video3.mp4,608,1080,audioreactive
video4.mp4,608,1080,realtime
video5.mp4,612,1080,comfyui-visual
video6.mp4,608,1080,tentacles
video7.mp4,608,1080,red-crane
video8.mp4,608,1080,suckers
video9.mp4,1080,608,skull
video10.mp4,606,1080,japan
video11.mp4,608,1080,pixel-clouds
video12.mp4,1080,608,poppy-horror
video13.mp4,1080,608,anime
video14.mp4,1080,608,blob-tracking
video15.mp4,608,1080,matrix
video16.mp4,608,1080,pentagram
video17.mp4,608,1080,audio-reactive-visuals
video18.mp4,608,1080,dance-music
video19.mp4,608,1080,touchdesigner-audioreactive
video20.mp4,1080,608,ledscreen
video21.mp4,610,1080,poppies
video22.mp4,810,1080,demon
video23.mp4,608,1080,luma-modify-video
video24.mp4,608,1080,cyberpunk
video25.mp4,1080,610,poppy-eye
video26.mp4,1080,610,galaxy
video27.mp4,1080,610,volcanic
video28.mp4,608,1080,electronic-music
video29.mp4,810,1080,horror-monster
video30.mp4,608,1080,touchdesigner-reactive
video31.mp4,1088,1928,texture
video32.mp4,608,1080,color
video33.mp4,608,1080,red-scare
video34.mp4,608,1080,ascii
video35.mp4,1080,608,projection-mapping
video36.mp4,1080,608,projection-grid
video38.mp4,1080,608,plasma-fountain
video40.mp4,608,1080,violet-wisp
video42.mp4,606,1080,aurora-pulse
video44.mp4,1080,606,luminous-canopy
video46.mp4,606,1080,mech-lotus
video48.mp4,606,1080,orchid-flare
video50.mp4,1080,606,solar-veins
video52.mp4,606,1080,geode-stream
video54.mp4,606,1080,neon-shards
video56.mp4,606,1080,obsidian-mist
video58.mp4,606,1080,ember-wave
video60.mp4,1080,606,monolith-dream
video62.mp4,594,1080,cinder-flow
video64.mp4,594,1080,chromatic-veil
video66.mp4,594,1080,lazer-garden
video68.mp4,1080,594,cinder-flight
video70.mp4,1080,594,nebula-reach
