filename,width,height,slug,title
image1.webp,1080,721,vjing,Vjing
image2.webp,1080,721,live-performance-warehouse,Live Performance Warehouse
image3.webp,914,1080,livemusic,Livemusic
image4.webp,810,1080,vj-live,Vj Live
image5.webp,608,1080,installation,Installation
image6.webp,1080,1080,skull-art,Skull Art
image7.webp,608,1080,audio-react,Audio React
image8.webp,612,1080,explode,Explode
image9.webp,609,1080,martial-arts,Martial Arts
image10.webp,609,1080,landscape,Landscape
image11.webp,609,1080,yellow-devil,Yellow Devil
image12.webp,609,1080,surreal,Surreal
image13.webp,1080,609,shell,Shell
image14.webp,1080,608,digital,Digital
image15.webp,609,1080,necrosis,Necrosis
image16.webp,1080,609,jellyfish-clouds,Jellyfish Clouds
image17.webp,608,1080,jellyfish,Jellyfish
image18.webp,1080,609,jungle,Jungle
image19.webp,1080,606,spectre,Spectre
image20.webp,609,1080,octopus-texture,Octopus Texture
image21.webp,608,1080,cyber,Cyber
image22.webp,608,1080,technicolor,Technicolor
image23.webp,1080,1080,lotus,Lotus
image24.webp,1080,608,slime-installation,Slime Installation
image25.webp,608,1080,tiger,Tiger
image26.webp,1080,608,ghost-in-the-shell,Ghost In The Shell
image27.webp,1080,608,liminal-space,Liminal Space
image28.webp,609,1080,villan,Villan
image29.webp,1080,609,plants,Plants
image30.webp,1080,609,solar,Solar
image31.webp,1080,609,blood-cherry-blossom,Blood Cherry Blossom
image32.webp,1080,609,poison,Poison
image33.webp,1080,609,bloodrobot,Bloodrobot
image35.webp,608,1080,eye-texture,Eye Texture
image36.webp,608,1080,squares,Squares
image37.webp,609,1080,cubic,Cubic
image38.webp,606,1080,ghost,Ghost
image39.webp,609,1080,snake-green,Snake Green
image40.webp,608,1080,tiger-outline,Tiger Outline
image41.webp,608,1080,blob-tracking,Blob Tracking
image42.webp,1600,1066,crystal-drift,Crystal Drift
image43.webp,1088,1928,tunnel-flare,Tunnel Flare
image44.webp,1600,902,nebula-veil,Nebula Veil
image45.webp,576,1024,holographic-wave,Holographic Wave
image47.webp,1024,576,liquid-mesh,Liquid Mesh
image48.webp,576,1024,arctic-flux,Arctic Flux
image49.webp,704,1280,magnetic-pulse,Magnetic Pulse
image51.webp,704,1280,cosmic-orchid,Cosmic Orchid
image53.webp,1280,704,mirror-forest,Mirror Forest
image54.webp,1280,704,skyline-glitch,Skyline Glitch
image55.webp,1600,900,stellar-storm,Stellar Storm
image57.webp,1280,720,spiral-halo,Spiral Halo
image58.webp,1080,1920,ember-cloud,Ember Cloud
image59.webp,1080,1920,quantum-feather,Quantum Feather
image60.webp,1080,1920,nova-swarm,Nova Swarm
image61.webp,1080,1920,petal-maelstrom,Petal Maelstrom
image62.webp,1080,1920,radiant-reef,Radiant Reef
image63.webp,1024,576,velvet-thunder,Velvet Thunder
